2/13/2026, 2:10:55 AM, https://sproutgigs.com, UP, OK
2/13/2026, 2:10:57 AM, https://www.google.com, DOWN, Status: 429 | Title: "https://www.google.com/"
2/13/2026, 2:10:59 AM, https://sproutgigs.com/dherhoodsub.ng, DOWN, Status: 403 | Title: "Attention Required! | Cloudflare"
2/13/2026, 2:11:55 AM, https://sproutgigs.com, UP, OK
2/13/2026, 2:11:57 AM, https://www.google.com, DOWN, Status: 429 | Title: "https://www.google.com/"
2/13/2026, 2:12:00 AM, https://sproutgigs.com/dherhoodsub.ng, DOWN, Status: 404 | Title: "Page Not Found | Sprout Gigs | SproutGigs"
2/13/2026, 2:12:43 AM, https://sproutgigs.com, UP, OK
2/13/2026, 2:12:45 AM, https://www.google.com, DOWN, Status: 429 | Title: "https://www.google.com/"
2/13/2026, 2:12:46 AM, https://dherhoodsub.ng, DOWN, net::ERR_NAME_NOT_RESOLVED at https://dherhoodsub.ng
2/13/2026, 2:13:45 AM, https://sproutgigs.com, UP, OK
2/13/2026, 2:13:47 AM, https://www.google.com, DOWN, Status: 429 | Title: "https://www.google.com/"
2/13/2026, 2:13:48 AM, https://dherhoodsub.ng, DOWN, net::ERR_NAME_NOT_RESOLVED at https://dherhoodsub.ng
2/13/2026, 2:14:43 AM, https://sproutgigs.com, UP, OK
2/13/2026, 2:14:44 AM, https://www.google.com, DOWN, Status: 429 | Title: "https://www.google.com/"
2/13/2026, 2:14:45 AM, https://dherhoodsub.ng, DOWN, net::ERR_NAME_NOT_RESOLVED at https://dherhoodsub.ng
2/13/2026, 2:15:44 AM, https://sproutgigs.com, UP, OK
2/13/2026, 2:15:46 AM, https://www.google.com, DOWN, Status: 429 | Title: "https://www.google.com/"
2/13/2026, 2:15:47 AM, https://dherhoodsub.ng, DOWN, net::ERR_NAME_NOT_RESOLVED at https://dherhoodsub.ng
2/13/2026, 2:16:44 AM, https://sproutgigs.com, UP, OK
2/13/2026, 2:16:45 AM, https://www.google.com, DOWN, Status: 429 | Title: "https://www.google.com/"
2/13/2026, 2:16:46 AM, https://dherhoodsub.ng, DOWN, net::ERR_NAME_NOT_RESOLVED at https://dherhoodsub.ng
2/13/2026, 2:17:43 AM, https://sproutgigs.com, UP, OK
2/13/2026, 2:17:45 AM, https://www.google.com, DOWN, Status: 429 | Title: "https://www.google.com/"
2/13/2026, 2:17:46 AM, https://dherhoodsub.ng, DOWN, net::ERR_NAME_NOT_RESOLVED at https://dherhoodsub.ng
2/13/2026, 2:18:45 AM, https://sproutgigs.com, UP, OK
2/13/2026, 2:18:47 AM, https://www.google.com, DOWN, Status: 429 | Title: "https://www.google.com/"
2/13/2026, 2:18:47 AM, https://dherhoodsub.ng, DOWN, net::ERR_NAME_NOT_RESOLVED at https://dherhoodsub.ng
2/13/2026, 2:19:43 AM, https://sproutgigs.com, UP, OK
2/13/2026, 2:19:45 AM, https://www.google.com, DOWN, Status: 429 | Title: "https://www.google.com/"
2/13/2026, 2:19:46 AM, https://dherhoodsub.ng, DOWN, net::ERR_NAME_NOT_RESOLVED at https://dherhoodsub.ng
2/13/2026, 2:24:45 AM, https://sproutgigs.com, UP, OK
2/13/2026, 2:24:47 AM, https://google.com, DOWN, Status: 429 | Title: "https://google.com/"
2/13/2026, 2:24:48 AM, https://dherhoodsub.ng, DOWN, net::ERR_NAME_NOT_RESOLVED at https://dherhoodsub.ng
2/13/2026, 2:25:43 AM, https://sproutgigs.com, UP, OK
2/13/2026, 2:25:46 AM, https://google.com, DOWN, Status: 429 | Title: "https://google.com/"
2/13/2026, 2:25:46 AM, https://dherhoodsub.ng, DOWN, net::ERR_NAME_NOT_RESOLVED at https://dherhoodsub.ng
2/13/2026, 2:26:45 AM, https://sproutgigs.com, UP, OK
2/13/2026, 2:26:47 AM, https://google.com, DOWN, Status: 429 | Title: "https://google.com/"
2/13/2026, 2:26:48 AM, https://dherhoodsub.ng, DOWN, net::ERR_NAME_NOT_RESOLVED at https://dherhoodsub.ng
2/13/2026, 2:27:45 AM, https://sproutgigs.com, UP, OK
2/13/2026, 2:27:47 AM, https://google.com, DOWN, Status: 429 | Title: "https://google.com/"
2/13/2026, 2:27:48 AM, https://dherhoodsub.ng, DOWN, net::ERR_NAME_NOT_RESOLVED at https://dherhoodsub.ng
2/13/2026, 2:28:35 AM, https://sproutgigs.com, UP, OK
2/13/2026, 2:28:39 AM, https://en.wikipedia.org, UP, OK
2/13/2026, 2:28:40 AM, https://dherhoodsub.ng, DOWN, net::ERR_NAME_NOT_RESOLVED at https://dherhoodsub.ng
2/13/2026, 2:29:35 AM, https://sproutgigs.com, UP, OK
2/13/2026, 2:29:39 AM, https://en.wikipedia.org, UP, OK
2/13/2026, 2:29:40 AM, https://dherhoodsub.ng, DOWN, net::ERR_NAME_NOT_RESOLVED at https://dherhoodsub.ng
2/13/2026, 2:53:31 AM, https://sproutgigs.com, UP, OK
2/13/2026, 2:53:36 AM, https://en.wikipedia.org, UP, OK
2/13/2026, 2:53:38 AM, https://sproutgigs.com/broken-test, DOWN, Status: 404 | Title: "Page Not Found | Sprout Gigs | SproutGigs"
2/13/2026, 2:54:29 AM, https://sproutgigs.com, UP, OK
2/13/2026, 2:54:33 AM, https://en.wikipedia.org, UP, OK
2/13/2026, 2:54:35 AM, https://sproutgigs.com/broken-test, DOWN, Status: 403 | Title: "Attention Required! | Cloudflare"
2/13/2026, 2:55:31 AM, https://sproutgigs.com, UP, OK
2/13/2026, 2:55:35 AM, https://en.wikipedia.org, UP, OK
2/13/2026, 2:55:37 AM, https://sproutgigs.com/broken-test, DOWN, Status: 404 | Title: "Page Not Found | Sprout Gigs | SproutGigs"
2/13/2026, 2:55:54 AM, https://sproutgigs.com, UP, OK
2/13/2026, 2:55:58 AM, https://en.wikipedia.org, UP, OK
2/13/2026, 2:56:00 AM, https://sproutgigs.com/broken-test, DOWN, Status: 404 | Title: "Page Not Found | Sprout Gigs | SproutGigs"
2/13/2026, 2:57:12 AM, https://sproutgigs.com, UP, OK
2/13/2026, 2:57:16 AM, https://en.wikipedia.org, UP, OK
2/13/2026, 2:57:17 AM, https://sproutgigs.com/broken-test, DOWN, Status: 403 | Title: "Attention Required! | Cloudflare"
2/13/2026, 2:57:51 AM, https://sproutgigs.com, UP, OK
2/13/2026, 2:57:55 AM, https://en.wikipedia.org, UP, OK
2/13/2026, 2:57:58 AM, https://sproutgigs.com/broken-test, DOWN, Status: 403 | Title: "Attention Required! | Cloudflare"
2/13/2026, 2:58:47 AM, https://sproutgigs.com, UP, OK
2/13/2026, 2:58:53 AM, https://en.wikipedia.org, UP, OK
2/13/2026, 2:58:54 AM, https://sproutgigs.com/broken-test, DOWN, Status: 403 | Title: "Attention Required! | Cloudflare"
2/13/2026, 2:59:55 AM, https://sproutgigs.com, UP, OK
2/13/2026, 3:00:00 AM, https://en.wikipedia.org, UP, OK
2/13/2026, 3:00:02 AM, https://sproutgigs.com/broken-test, DOWN, Status: 403 | Title: "Attention Required! | Cloudflare"
2/13/2026, 3:00:51 AM, https://sproutgigs.com, UP, OK
2/13/2026, 3:00:55 AM, https://en.wikipedia.org, UP, OK
2/13/2026, 3:00:56 AM, https://sproutgigs.com/broken-test, DOWN, Status: 403 | Title: "Attention Required! | Cloudflare"
